ErrorDocument 404 https://www.illdave.com/404/index.htm

Redirect 301 /comicbooks/ https://illdave.com/comics/
Redirect 301 /comicbooks https://illdave.com/comics/
Redirect 301 /comicbooks/ https://illdave.com/comics/index.htm
Redirect 301 /comicbooks/index.htm https://illdave.com/comics/index.htm

Redirect 301 /web https://illdave.com/web-dev/
Redirect 301 /web/index.htm http://illdave.com/web-dev/

Redirect 301 /print https://illdave.com/graphic-design/
Redirect 301 /graphics https://illdave.com/graphic-design/
Redirect 301 /print/index.htm https://illdave.com/graphic-design/

Redirect 301 /agencyport https://illdave.com/web-dev/agencyport

Redirect 301 /ltsave https://illdave.com/web-dev/ltsave
Redirect 301 /web/ltsave.htm https://illdave.com/web-dev/ltsave

Redirect 301 /merrill-lynch-itg http://illdave.com/web-dev/merril-lynch
Redirect 301 /merrill-lynch http://illdave.com/web-dev/merril-lynch
Redirect 301 /mlitg http://illdave.com/web-dev/merril-lynch
Redirect 301 /ml-itg http://illdave.com/web-dev/merril-lynch
Redirect 301 /mlitg.htm http://illdave.com/web-dev/merril-lynch
Redirect 301 /web/ml.htm http://illdave.com/web-dev/merril-lynch
Redirect 301 /web/mlitg.htm http://illdave.com/web-dev/merril-lynch

Redirect 301 /carbonite https://illdave.com/web-dev/carbonite/index.htm
Redirect 301 /carbonite.htm https://illdave.com/web-dev/carbonite/index.htm
Redirect 301 /web/carbonite.htm https://illdave.com/web-dev/carbonite/index.htm

Redirect 301 /head-for-home https://illdave.com/web-dev/head-for-home/web
Redirect 301 /h4h https://illdave.com/web-dev/head-for-home/web
Redirect 301 /web/h4h.htm https://illdave.com/web-dev/head-for-home/web
Redirect 301 /wbz-head-for-home https://illdave.com/web-dev/head-for-home/web

Redirect 301 /CCF https://illdave.com/web-dev/cambridge-comix-festival/index.htm
Redirect 301 /cambridge-comix-festival https://illdave.com/web-dev/cambridge-comix-festival/index.htm
Redirect 301 /clients/CCF/index.htm https://illdave.com/web-dev/cambridge-comix-festival/index.htm
Redirect 301 /eddie-marshall https://illdave.com/web-dev/eddie-marshall/web/

Redirect 301 /comicbooks/events/daves-inky-stories.htm https://www.inkystories.com/blog/exhibit-2002-inman-square.html

Redirect 301 /blog/24hour-comic-2008.htm https://illdave.com/blog/24-hour-comic-2008.htm
Redirect 301 /blog/mas-webdev.htm https://illdave.com/blog/history-of-this-website.htm
Redirect 301 /blog/watchmen.htm https://illdave.com/blog/watchmen-trailer.htm

Redirect 301 /comicbooks.htm https://illdave.com/comics/index.htm
Redirect 301 /illustration.htm https://illdave.com/illustration/index.htm
Redirect 301 /print.htm https://illdave.com/graphic-design/index.htm
Redirect 301 /web.htm https://illdave.com/web-dev/index.htm

Redirect 301 /ctds-dashboard https://illdave.com/clients/ctds/my-dashboard/




